[{"id":1,"municipio":"Buenaventura","departamento":"Valle del Cauca","nombre_evento":"Festival Folclórico del Pacífico","mes":"Julio","tipo_evento":"Cultural","fecha_inicio":null,"fecha_finalizacion":null},{"id":2,"municipio":"Buenaventura","departamento":"Valle del Cauca","nombre_evento":"Fiestas Patronales de San Buenaventura","mes":"Julio","tipo_evento":"Tradicional","fecha_inicio":null,"fecha_finalizacion":null},{"id":3,"municipio":"Buenaventura","departamento":"Valle del Cauca","nombre_evento":"Fiestas de la Virgen del Carmen","mes":"Julio","tipo_evento":"Religioso","fecha_inicio":null,"fecha_finalizacion":null},{"id":4,"municipio":"Buenos Aires","departamento":"Cauca","nombre_evento":"Mercado Campesino","mes":"Julio","tipo_evento":"Económico","fecha_inicio":null,"fecha_finalizacion":null},{"id":5,"municipio":"Buenos Aires","departamento":"Cauca","nombre_evento":"Carnaval de Blancos y Negros","mes":"Enero","tipo_evento":"Tradicional","fecha_inicio":null,"fecha_finalizacion":null},{"id":6,"municipio":"Buenos Aires","departamento":"Cauca","nombre_evento":"Fiesta del San Miguel Arcángel","mes":"Septiembre","tipo_evento":"Tradicional","fecha_inicio":null,"fecha_finalizacion":null},{"id":7,"municipio":"Buenos Aires","departamento":"Cauca","nombre_evento":"San Pedro y San Pablo","mes":"Junio","tipo_evento":"Religioso","fecha_inicio":null,"fecha_finalizacion":null},{"id":8,"municipio":"Buenos Aires","departamento":"Cauca","nombre_evento":"Fiesta de la Virgen del Carmen","mes":"Julio","tipo_evento":"Religioso","fecha_inicio":null,"fecha_finalizacion":null},{"id":9,"municipio":"Pradera","departamento":"Valle del Cauca","nombre_evento":"Feria del dulce","mes":"Julio","tipo_evento":"Comercial","fecha_inicio":null,"fecha_finalizacion":null},{"id":10,"municipio":"Pradera","departamento":"Valle del Cauca","nombre_evento":"Fiestas Anuales","mes":"Noviembre","tipo_evento":"Tradicional","fecha_inicio":null,"fecha_finalizacion":null},{"id":11,"municipio":"Pradera","departamento":"Valle del Cauca","nombre_evento":"Festival de música andina","mes":"Marzo","tipo_evento":"Cultural","fecha_inicio":null,"fecha_finalizacion":null},{"id":12,"municipio":"Pradera","departamento":"Valle del Cauca","nombre_evento":"Fiestas campesinas","mes":"Periódicamente","tipo_evento":"Económico","fecha_inicio":null,"fecha_finalizacion":null},{"id":13,"municipio":"Santander de Quilichao","departamento":"Cauca","nombre_evento":"Semana santa","mes":"Abril","tipo_evento":"Religioso","fecha_inicio":null,"fecha_finalizacion":null},{"id":14,"municipio":"Santander de Quilichao","departamento":"Cauca","nombre_evento":"Fugas de adoración","mes":"Diciembre-enero","tipo_evento":"Tradicional","fecha_inicio":null,"fecha_finalizacion":null},{"id":15,"municipio":"Santander de Quilichao","departamento":"Cauca","nombre_evento":"Fiestas de los Santos Reyes magos","mes":"Enero","tipo_evento":"Tradicional","fecha_inicio":null,"fecha_finalizacion":null},{"id":16,"municipio":"Toribío","departamento":"Cauca","nombre_evento":"Trueque Municipal","mes":"Julio","tipo_evento":"Económico","fecha_inicio":null,"fecha_finalizacion":null},{"id":17,"municipio":"Toribío","departamento":"Cauca","nombre_evento":"Sek Buy (Celebración año andino)","mes":"Junio","tipo_evento":"Tradicional","fecha_inicio":null,"fecha_finalizacion":null},{"id":18,"municipio":"Toribío","departamento":"Cauca","nombre_evento":"Semana Cultural Alvaro Ulcue","mes":"Noviembre","tipo_evento":"Cultural","fecha_inicio":null,"fecha_finalizacion":null},{"id":19,"municipio":"Toribío","departamento":"Cauca","nombre_evento":"Cxapuc (ritual de ofrenda a los espíritus)","mes":"Noviembre","tipo_evento":"Tradicional","fecha_inicio":null,"fecha_finalizacion":null},{"id":20,"municipio":"Toribío","departamento":"Cauca","nombre_evento":"Fiesta de San Juan Bautista","mes":"Junio","tipo_evento":"Religioso","fecha_inicio":null,"fecha_finalizacion":null},{"id":21,"municipio":"Anorí","departamento":"Antioquia","nombre_evento":"Fiestas del Campesino Anoriseño","mes":"Julio","tipo_evento":"Económico","fecha_inicio":null,"fecha_finalizacion":null},{"id":22,"municipio":"Anorí","departamento":"Antioquia","nombre_evento":"Anorí se viste de Antioquia (Fiesta de la antioqueñidad)","mes":"Agosto","tipo_evento":"Económico","fecha_inicio":null,"fecha_finalizacion":null},{"id":23,"municipio":"Anorí","departamento":"Antioquia","nombre_evento":"Feria de Ganado","mes":"Tercer martes cada dos meses","tipo_evento":"Económico","fecha_inicio":null,"fecha_finalizacion":null},{"id":24,"municipio":"Anorí","departamento":"Antioquia","nombre_evento":"Torneo de futbol","mes":"Dos veces al año","tipo_evento":"Deportivo","fecha_inicio":null,"fecha_finalizacion":null},{"id":25,"municipio":"Anorí","departamento":"Antioquia","nombre_evento":"Fiestas del Cacique Anorí","mes":"n/a","tipo_evento":"Tradicional","fecha_inicio":null,"fecha_finalizacion":null},{"id":26,"municipio":"Anorí","departamento":"Antioquia","nombre_evento":"Fiestas de la Virgen del Carmen","mes":"Julio","tipo_evento":"Religioso","fecha_inicio":null,"fecha_finalizacion":null},{"id":27,"municipio":"Anorí","departamento":"Antioquia","nombre_evento":"Fiestas de San Roque","mes":"Diciembre","tipo_evento":"Religioso","fecha_inicio":null,"fecha_finalizacion":null},{"id":28,"municipio":"Anorí","departamento":"Antioquia","nombre_evento":"Fiesta de San Isidro","mes":"Agosto","tipo_evento":"Religioso","fecha_inicio":null,"fecha_finalizacion":null},{"id":29,"municipio":"Cáceres","departamento":"Antioquia","nombre_evento":"Fiestas del retorno y la cultura Cacereña","mes":"Noviembre","tipo_evento":"Cultural","fecha_inicio":null,"fecha_finalizacion":null},{"id":30,"municipio":"Cáceres","departamento":"Antioquia","nombre_evento":"Fiestas del Santo Cristo en el corregimiento El jardín","mes":"Julio","tipo_evento":"Tradicional","fecha_inicio":null,"fecha_finalizacion":null},{"id":31,"municipio":"Cáceres","departamento":"Antioquia","nombre_evento":"Fiesta de Santa María Magdalena","mes":"Julio","tipo_evento":"Religioso","fecha_inicio":null,"fecha_finalizacion":null},{"id":32,"municipio":"Cáceres","departamento":"Antioquia","nombre_evento":"Fiestas de San Roque en el corregimiento de Guarumo","mes":null,"tipo_evento":"Religioso","fecha_inicio":null,"fecha_finalizacion":null},{"id":33,"municipio":"Cáceres","departamento":"Antioquia","nombre_evento":"Fiesta de la Virgen del Carmen","mes":"Julio","tipo_evento":"Tradicional","fecha_inicio":null,"fecha_finalizacion":null},{"id":34,"municipio":"Cáceres","departamento":"Antioquia","nombre_evento":"Fiestas del Perpetuo Socorro en Puerto Bélgica","mes":null,"tipo_evento":null,"fecha_inicio":null,"fecha_finalizacion":null},{"id":35,"municipio":"El Bagre","departamento":"Antioquia","nombre_evento":"Fiestas del oro, la cultura y el renacer bagreño","mes":"Noviembre","tipo_evento":"Tradicional","fecha_inicio":null,"fecha_finalizacion":null},{"id":36,"municipio":"El Bagre","departamento":"Antioquia","nombre_evento":"Fiestas de la cultura y festival vallenato","mes":null,"tipo_evento":"Musical","fecha_inicio":null,"fecha_finalizacion":null},{"id":37,"municipio":"El Bagre","departamento":"Antioquia","nombre_evento":"El Festival de la cometa","mes":"Agosto","tipo_evento":"Tradicional","fecha_inicio":null,"fecha_finalizacion":null},{"id":38,"municipio":"El Bagre","departamento":"Antioquia","nombre_evento":"Fiestas del nueve de septiembre San Pedro Claver","mes":"Septiembre","tipo_evento":"Religioso","fecha_inicio":null,"fecha_finalizacion":null},{"id":39,"municipio":"El Bagre","departamento":"Antioquia","nombre_evento":"Fiestas de corraleja","mes":"Todo el año","tipo_evento":"Tradicional","fecha_inicio":null,"fecha_finalizacion":null},{"id":40,"municipio":"El Bagre","departamento":"Antioquia","nombre_evento":"Fiestas patronales de la Virgen del Carmen","mes":"Julio","tipo_evento":"Tradicional","fecha_inicio":null,"fecha_finalizacion":null},{"id":41,"municipio":"El Bagre","departamento":"Antioquia","nombre_evento":"Fiestas del divino niño","mes":"Julio","tipo_evento":"Tradicional","fecha_inicio":null,"fecha_finalizacion":null},{"id":42,"municipio":"Nechí","departamento":"Antioquia","nombre_evento":"Mercados Campesinos","mes":"Periódicamente","tipo_evento":"Económico","fecha_inicio":null,"fecha_finalizacion":null},{"id":43,"municipio":"Nechí","departamento":"Antioquia","nombre_evento":"Torneos interbarriales de fútbol","mes":"Noviembre","tipo_evento":"Deportivo","fecha_inicio":null,"fecha_finalizacion":null},{"id":44,"municipio":"Nechí","departamento":"Antioquia","nombre_evento":"Fiestas del Fandango y corralejas","mes":"Enero","tipo_evento":"Tradicional","fecha_inicio":null,"fecha_finalizacion":null},{"id":45,"municipio":"Nechí","departamento":"Antioquia","nombre_evento":"Fiesta de la Virgen del Carmen","mes":"Julio","tipo_evento":"Tradicional","fecha_inicio":null,"fecha_finalizacion":null},{"id":46,"municipio":"Nechí","departamento":"Antioquia","nombre_evento":"Fiesta de la Inmaculada Concepción","mes":"Diciembre","tipo_evento":"Religioso","fecha_inicio":null,"fecha_finalizacion":null},{"id":47,"municipio":"Valdivia","departamento":"Antioquia","nombre_evento":"Fiestas del Progreso","mes":"Diciembre","tipo_evento":"Económico","fecha_inicio":null,"fecha_finalizacion":null},{"id":48,"municipio":"Valdivia","departamento":"Antioquia","nombre_evento":"Fiestas del Agua, el Verano y la Pesca","mes":null,"tipo_evento":"Económico","fecha_inicio":null,"fecha_finalizacion":null},{"id":49,"municipio":"Valdivia","departamento":"Antioquia","nombre_evento":"Semana de la Cultura y del Deporte \"Fiestas de la neblina\"","mes":"Octubre","tipo_evento":"Cultural","fecha_inicio":null,"fecha_finalizacion":null},{"id":50,"municipio":"Valdivia","departamento":"Antioquia","nombre_evento":"San José","mes":null,"tipo_evento":"Tradicional","fecha_inicio":null,"fecha_finalizacion":null},{"id":51,"municipio":"Valdivia","departamento":"Antioquia","nombre_evento":"Semana Santa","mes":"Marzo","tipo_evento":"Religioso","fecha_inicio":null,"fecha_finalizacion":null},{"id":52,"municipio":"Valdivia","departamento":"Antioquia","nombre_evento":"Fiestas del Corpus y altar de San Isidro","mes":null,"tipo_evento":"Religioso","fecha_inicio":null,"fecha_finalizacion":null},{"id":53,"municipio":"Valdivia","departamento":"Antioquia","nombre_evento":"Fiesta de la Virgen del Carmen","mes":"Julio","tipo_evento":"Religioso","fecha_inicio":null,"fecha_finalizacion":null},{"id":54,"municipio":"Valdivia","departamento":"Antioquia","nombre_evento":"Fiesta de la Inmaculada Concepción","mes":"Diciembre","tipo_evento":"Religioso","fecha_inicio":null,"fecha_finalizacion":null},{"id":55,"municipio":"Tarazá","departamento":"Antioquia","nombre_evento":"Fiesta Ganadera y del campesino","mes":"Junio","tipo_evento":null,"fecha_inicio":null,"fecha_finalizacion":null},{"id":56,"municipio":"Tarazá","departamento":"Antioquia","nombre_evento":"Fiestas del río","mes":"Enero","tipo_evento":null,"fecha_inicio":null,"fecha_finalizacion":null},{"id":57,"municipio":"Colosó","departamento":"Sucre","nombre_evento":"Corraleja","mes":"Enero","tipo_evento":"Tradicional","fecha_inicio":null,"fecha_finalizacion":null},{"id":58,"municipio":"Colosó","departamento":"Sucre","nombre_evento":"Fiesta patronal San Miguel Arcangel","mes":"Septiembre","tipo_evento":"Tradicional","fecha_inicio":null,"fecha_finalizacion":null},{"id":59,"municipio":"Colosó","departamento":"Sucre","nombre_evento":"Carreras de caballo","mes":"Junio","tipo_evento":"Tradicional","fecha_inicio":null,"fecha_finalizacion":null},{"id":60,"municipio":"Colosó","departamento":"Sucre","nombre_evento":"Fiesta Patronal Baltazar Perez","mes":"Septiembre","tipo_evento":"Tradicional","fecha_inicio":null,"fecha_finalizacion":null},{"id":61,"municipio":"Chalán","departamento":"Sucre","nombre_evento":"Festival del retorno en chalán","mes":"Semana Santa","tipo_evento":"Comercial","fecha_inicio":null,"fecha_finalizacion":null},{"id":62,"municipio":"Chalán","departamento":"Sucre","nombre_evento":"Agroturismo","mes":"Todo el año","tipo_evento":"Económico","fecha_inicio":null,"fecha_finalizacion":null},{"id":63,"municipio":"Chalán","departamento":"Sucre","nombre_evento":"FIESTAS PATRONALES","mes":"Diciembre","tipo_evento":"Tradicional","fecha_inicio":null,"fecha_finalizacion":null},{"id":64,"municipio":"Chalán","departamento":"Sucre","nombre_evento":"Fiestas de la Virgen del Carmen","mes":"Julio","tipo_evento":"Religioso","fecha_inicio":null,"fecha_finalizacion":null},{"id":65,"municipio":"San Jacinto","departamento":"Bolívar","nombre_evento":"Festival de gaitas","mes":"Agosto","tipo_evento":"Tradicional","fecha_inicio":null,"fecha_finalizacion":null},{"id":66,"municipio":"San Jacinto","departamento":"Bolívar","nombre_evento":"Fiesta Patronal Santana","mes":"s/f","tipo_evento":"Económico","fecha_inicio":null,"fecha_finalizacion":null},{"id":67,"municipio":"San Jacinto","departamento":"Bolívar","nombre_evento":"Fiesta Santa Lucía","mes":"Diciembre","tipo_evento":"Religioso","fecha_inicio":null,"fecha_finalizacion":null},{"id":68,"municipio":"San Juan Nepomuceno","departamento":"Bolívar","nombre_evento":"Festival del Ñame","mes":"Agosto","tipo_evento":"Tradicional","fecha_inicio":null,"fecha_finalizacion":null},{"id":69,"municipio":"San Juan Nepomuceno","departamento":"Bolívar","nombre_evento":"Fiestas taurinas","mes":"Enero","tipo_evento":"Tradicional","fecha_inicio":null,"fecha_finalizacion":null},{"id":70,"municipio":"San Juan Nepomuceno","departamento":"Bolívar","nombre_evento":"Fiestas de San Juan","mes":"Junio","tipo_evento":"Tradicional","fecha_inicio":null,"fecha_finalizacion":null},{"id":71,"municipio":"San Juan Nepomuceno","departamento":"Bolívar","nombre_evento":"Fiesta de San Isidro Patrón de los Campesinos","mes":"s/f","tipo_evento":"Comunitario","fecha_inicio":null,"fecha_finalizacion":null},{"id":72,"municipio":"San Juan Nepomuceno","departamento":"Bolívar","nombre_evento":"Festival del retorno","mes":"Abril","tipo_evento":"Comunitario","fecha_inicio":null,"fecha_finalizacion":null},{"id":73,"municipio":"San Juan Nepomuceno","departamento":"Bolívar","nombre_evento":"Fiestas de San Pedro y San Pablo","mes":"Junio","tipo_evento":"Religioso","fecha_inicio":null,"fecha_finalizacion":null},{"id":74,"municipio":"San Juan Nepomuceno","departamento":"Bolívar","nombre_evento":"Fiestas Patronales Virgen del Carmen","mes":"Julio","tipo_evento":"Religioso","fecha_inicio":null,"fecha_finalizacion":null},{"id":75,"municipio":"Toluviejo","departamento":"Sucre","nombre_evento":"Fiestas de San José","mes":"Marzo","tipo_evento":"Tradicional","fecha_inicio":null,"fecha_finalizacion":null},{"id":76,"municipio":"Toluviejo","departamento":"Sucre","nombre_evento":"Fiestas de la Virgen del Carmen","mes":"Julio","tipo_evento":"Tradicional","fecha_inicio":null,"fecha_finalizacion":null},{"id":77,"municipio":"Toluviejo","departamento":"Sucre","nombre_evento":"Inmaculada Concepción","mes":"Diciembre","tipo_evento":"Religioso","fecha_inicio":null,"fecha_finalizacion":null}]